tempo,posizione,velocita,input
0.000000000000000000e+00,5.000000000000000000e-01,5.000000000000000278e-02,3.134877088542515899e+00
3.831417624521072512e-02,4.831971673695836245e-01,-8.089824176958593238e-01,1.332552249099415675e+01
7.662835249042145025e-02,4.443473371967653907e-01,-1.175342336185357439e+00,1.453603362458996706e+01
1.149425287356321823e-01,3.938192332722925681e-01,-1.486379470598504948e+00,5.793078974044846063e+00
1.532567049808429005e-01,3.287268492016628407e-01,-1.916132018280604310e+00,-3.900572259453059853e+00
1.915708812260536187e-01,2.479959972208704011e-01,-2.246355401881088287e+00,-4.437852595735892969e+00
2.298850574712643646e-01,1.624889519947376737e-01,-2.132933958045042377e+00,4.109713678230443534e+00
2.681992337164750828e-01,9.048163579622645059e-02,-1.580127902749297819e+00,1.057665257548093152e+01
3.065134099616858010e-01,4.146493764733824583e-02,-1.021701344526762867e+00,4.920617323038527502e+00
3.448275862068965192e-01,6.611015910538982354e-03,-8.803229033914512502e-01,-8.993497863960300265e+00
3.831417624521072374e-01,-3.048555770035438206e-02,-1.070514502301826099e+00,-1.544899625613356697e+01
4.214559386973179556e-01,-7.236384722243734136e-02,-1.022931706535864071e+00,-3.787475408898293594e+00
4.597701149425287293e-01,-9.985718685734229494e-02,-2.986944989432855913e-01,1.772884801294129886e+01
4.980842911877394474e-01,-8.975113294718413404e-02,8.308757820776956349e-01,2.812575924557208751e+01
5.363984674329501656e-01,-4.179899390986777791e-02,1.535464730065598804e+00,1.568032569569484913e+01
5.747126436781608838e-01,1.495572553391658760e-02,1.263259481436802112e+00,-7.737377892829299775e+00
6.130268199233716020e-01,4.663702307068565839e-02,3.612433895038894005e-01,-1.728669064344083850e+01
6.513409961685823202e-01,4.717144811436514706e-02,-2.013399350631803753e-01,-1.313991533791203814e+00
6.896551724137930384e-01,4.368746639961327421e-02,1.709326348172392485e-01,2.479733754020326586e+01
7.279693486590037566e-01,6.703354908249728461e-02,1.046473411737501635e+00,3.316554749253221956e+01
7.662835249042144747e-01,1.164345777231474838e-01,1.354548524399495912e+00,1.192508315980224332e+01
8.045977011494251929e-01,1.550219780763351096e-01,4.686624254010745005e-01,-2.241408946212889930e+01
8.429118773946359111e-01,1.424919776505866043e-01,-1.158018551499968352e+00,-4.175979708535228241e+01
8.812260536398466293e-01,7.126485271196343618e-02,-2.413775189725664738e+00,-3.399552566239826490e+01
9.195402298850574585e-01,-2.796483774565278191e-02,-2.571969784020651684e+00,-1.215196026109735250e+01
9.578544061302681767e-01,-1.139587909081986594e-01,-1.823847333879640598e+00,2.527447311867998980e+00
9.961685823754788949e-01,-1.655275473745901893e-01,-8.920180653665286119e-01,2.642567131303757755e+00
1.034482758620689502e+00,-1.863221799457092098e-01,-2.532994869451483111e-01,-2.593025759284737219e+00
1.072796934865900331e+00,-1.881032280054759920e-01,1.321799093597326724e-01,-3.817166705431715101e+00
1.111111111111110938e+00,-1.776190268152632312e-01,3.953356829106949299e-01,-4.612274613242631105e+00
1.149425287356321768e+00,-1.613154348789309356e-01,3.862193972753166227e-01,-1.457656947201066089e+01
1.187739463601532375e+00,-1.547553833641786558e-01,-1.372885359820099904e-01,-3.212830324614422750e+01
1.226053639846743204e+00,-1.762202125215422410e-01,-9.851630021681623273e-01,-4.084090059901048164e+01
1.264367816091954033e+00,-2.252239985062355065e-01,-1.433638751922723387e+00,-2.691702172468266951e+01
1.302681992337164640e+00,-2.727046525109747543e-01,-8.703007437475811514e-01,1.890413519285174537e+00
1.340996168582375470e+00,-2.816939238627433895e-01,4.553134293687239875e-01,2.029210131695809949e+01
1.379310344827586077e+00,-2.410379414140902121e-01,1.532771268301765133e+00,1.128244474096937289e+01
1.417624521072796906e+00,-1.783524233163852890e-01,1.548170135135225944e+00,-1.411468766153213039e+01
1.455938697318007513e+00,-1.335345193894092730e-01,7.311319397058824165e-01,-2.679821722902003955e+01
1.494252873563218342e+00,-1.190617913042643500e-01,1.508677214431709546e-01,-1.048695604503829237e+01
1.532567049808428949e+00,-1.087922530474069033e-01,5.584941781648335990e-01,1.957678003741006378e+01
1.570881226053639779e+00,-6.835650483557610679e-02,1.558001823462204172e+00,3.131279376663308511e+01
1.609195402298850386e+00,2.680460077615492986e-03,1.954029640959845882e+00,9.144266138037597358e+00
1.647509578544061215e+00,6.337249911415837600e-02,9.860586535183059054e-01,-2.907704150284405742e+01
1.685823754789271822e+00,6.696399275403734641e-02,-8.351479614952930230e-01,-4.908990977266177680e+01
1.724137931034482651e+00,6.156944451265383700e-03,-2.140182190765201664e+00,-3.296563720662517483e+01
1.762452107279693259e+00,-7.708148564920308532e-02,-1.924724122401226367e+00,5.737430361093222686e+00
1.800766283524904088e+00,-1.239214292378492677e-01,-3.758793367706473876e-01,3.741583319382705497e+01
1.839080459770114917e+00,-1.028123633606344844e-01,1.416396060906342180e+00,4.383897832409855511e+01
1.877394636015325524e+00,-2.561492320100735437e-02,2.432003600356530626e+00,2.996592542770718381e+01
1.915708812260536353e+00,7.005709669151553853e-02,2.411521247762490106e+00,1.268273765042825829e+01
1.954022988505746961e+00,1.506680210262276720e-01,1.734572055809783464e+00,2.957263928969034783e+00
1.992337164750957790e+00,2.010606649167178128e-01,8.980644194312474848e-01,1.208803465382031206e-01
2.030651340996168397e+00,2.207703948166357122e-01,1.568486887881803682e-01,-6.417374495911478682e-01
2.068965517241379004e+00,2.151741757330218330e-01,-4.174927197080227081e-01,-7.160872486626903566e-01
2.107279693486590055e+00,1.914940157385669472e-01,-7.793711774555260874e-01,8.183105130674497296e-01
2.145593869731800662e+00,1.583294019724798829e-01,-9.193810267963125060e-01,2.286330846391039007e+00
2.183908045977011270e+00,1.224953039157272994e-01,-9.510190522664985213e-01,-1.117565677308842709e-01
2.222222222222221877e+00,8.463377788313211636e-02,-1.048975520319908705e+00,-6.648171126831350364e+00
2.260536398467432928e+00,4.082932241648065674e-02,-1.239806313098615442e+00,-1.210509020373266509e+01
2.298850574712643535e+00,-9.583414478721772461e-03,-1.359404709264540489e+00,-1.188053446053547191e+01
2.337164750957854142e+00,-6.028503959426928516e-02,-1.252513561675538512e+00,-8.812823404948932904e+00
2.375478927203064750e+00,-1.038853480258502826e-01,-1.028614328788713950e+00,-1.075551107348083768e+01
2.413793103448275801e+00,-1.414684950126942065e-01,-9.775064226431922076e-01,-2.024525559023420485e+01
2.452107279693486408e+00,-1.823337922519838727e-01,-1.185183852085388567e+00,-2.891689593613156362e+01
2.490421455938697015e+00,-2.313749138079232437e-01,-1.323484297885891170e+00,-2.526763136759515049e+01
2.528735632183908066e+00,-2.770799485897827430e-01,-9.453494284573563666e-01,-8.354881015454530768e+00
2.567049808429118674e+00,-2.961424904570271743e-01,1.547880231129017403e-02,8.678115589588166756e+00
2.605363984674329281e+00,-2.746284959476366638e-01,1.055807135372017092e+00,1.094566921901318679e+01
2.643678160919539888e+00,-2.230103312449996100e-01,1.506480960910395073e+00,-2.672692828978210144e+00
2.681992337164750939e+00,-1.695004441957327912e-01,1.177678101854850778e+00,-1.824298610448400026e+01
2.720306513409961546e+00,-1.370575911054131013e-01,5.130448438071417705e-01,-2.164117430180861135e+01
2.758620689655172153e+00,-1.269024223486002190e-01,9.307445859263607790e-02,-1.323163621360961528e+01
2.796934865900382761e+00,-1.246818773638242450e-01,6.840890837908764066e-02,-6.102586062504567366e+00
2.835249042145593812e+00,-1.209965925970795109e-01,9.374375814792947070e-02,-1.022029713230974579e+01
2.873563218390804419e+00,-1.214717585171960906e-01,-1.737861816079325217e-01,-2.072787957098548617e+01
2.911877394636015026e+00,-1.365776687160479841e-01,-6.043187579614367477e-01,-2.361957076785479615e+01
2.950191570881225633e+00,-1.635392742972791580e-01,-7.115414331111412638e-01,-1.211710388193464638e+01
2.988505747126436685e+00,-1.831125998663792609e-01,-2.149556613833290830e-01,4.904514400943570607e+00
3.026819923371647292e+00,-1.759778308511829592e-01,5.872108598541595503e-01,1.184846123821514219e+01
3.065134099616857899e+00,-1.422279147996377280e-01,1.071243065580250065e+00,2.654032675934979935e+00
3.103448275862068950e+00,-1.028546440514816196e-01,8.756835365429687101e-01,-1.328007337593925463e+01
3.141762452107279557e+00,-8.098792711685584567e-02,2.378661721655752626e-01,-2.119241017916597158e+01
3.180076628352490165e+00,-8.286533633730637505e-02,-2.713795444365214027e-01,-1.545952510598716145e+01
3.218390804597700772e+00,-9.533082886756102936e-02,-2.946580235549369764e-01,-3.348727349814760501e+00
3.256704980842911823e+00,-1.005093637794707145e-01,5.784538334534417015e-02,4.356247604410875773e+00
3.295019157088122430e+00,-9.078124592243470847e-02,4.268357854524666983e-01,4.448239011327787651e+00
3.333333333333333037e+00,-7.033941575903725207e-02,6.087365909602786562e-01,2.593887538474890508e+00
3.371647509578543644e+00,-4.535863853465364748e-02,6.966243714986916080e-01,5.183337046728182962e+00
3.409961685823754696e+00,-1.589101730772577228e-02,8.640609634584810461e-01,1.174153168735505659e+01
3.448275862068965303e+00,2.184447281722844136e-02,1.101543170739873290e+00,1.567487557720781055e+01
3.486590038314175910e+00,6.645379157813499638e-02,1.174688236200902569e+00,1.137336925811521482e+01
3.524904214559386517e+00,1.066108861658323498e-01,8.464061945834490119e-01,-2.363415876646257630e-01
3.563218390804597568e+00,1.260461268327486561e-01,1.162847844534170560e-01,-1.261775182260862493e+01
3.601532567049808176e+00,1.137695169615496604e-01,-7.478055848187072918e-01,-1.913073641828723481e+01
3.639846743295018783e+00,7.151541966797650418e-02,-1.395508148628991751e+00,-1.792035875580073423e+01
3.678160919540229834e+00,1.228726621459633184e-02,-1.626856335513342966e+00,-1.283896065135047415e+01
3.716475095785440441e+00,-4.865697154366865201e-02,-1.516523595501283017e+00,-1.041678019273111744e+01
3.754789272030651048e+00,-1.030821072007076927e-01,-1.338214666449091705e+00,-1.487097470731509041e+01
3.793103448275861656e+00,-1.534389439586791304e-01,-1.331703930024181526e+00,-2.402442540577197150e+01
3.831417624521072707e+00,-2.071561658987992049e-01,-1.470748218729786672e+00,-2.931363238330553855e+01
3.869731800766283314e+00,-2.638419218214612672e-01,-1.410548857006069134e+00,-2.133477831226159083e+01
3.908045977011493921e+00,-3.067380476325471950e-01,-7.028352557670999312e-01,2.069621325886094709e+00
3.946360153256704528e+00,-3.073401894718003069e-01,7.923796623817831453e-01,3.188992000807558469e+01
3.984674329501915579e+00,-2.408533405803751637e-01,2.683981631463471018e+00,5.285184622841721591e+01
4.022988505747125743e+00,-1.062603325835713153e-01,4.206118332957067274e+00,5.414343821541003621e+01
4.061302681992336794e+00,6.758625511155830212e-02,4.659966441242016089e+00,3.690351539711974027e+01
4.099616858237547845e+00,2.344018636448008674e-01,3.852487368121160660e+00,1.195468614535912266e+01
4.137931034482758008e+00,3.512142876016161597e-01,2.144133827408143400e+00,-9.419200217234514838e+00
4.176245210727969059e+00,3.948620159021478115e-01,1.385267634355911159e-01,-2.249033678400078884e+01
4.214559386973180111e+00,3.647013173210841841e-01,-1.646670779731381984e+00,-2.820081912130114787e+01
4.252873563218390274e+00,2.756468582427443192e-01,-2.894887165792231709e+00,-2.779281448491304118e+01
4.291187739463601325e+00,1.518539619886226377e-01,-3.432525583094434118e+00,-2.057584049620588829e+01
4.329501915708812376e+00,2.284326940531739014e-02,-3.177734989119131104e+00,-7.208833580727218582e+00
4.367816091954022539e+00,-8.271808399267044365e-02,-2.238865745779770933e+00,6.931167180299386388e+00
4.406130268199233591e+00,-1.447722343359371389e-01,-9.922052369494815949e-01,1.423439496529337589e+01
4.444444444444443754e+00,-1.608925483544033086e-01,8.117845434658355064e-02,1.164850860207977234e+01
4.482758620689654805e+00,-1.448755314628656921e-01,6.716051352675123098e-01,4.103259990146736591e+00
4.521072796934865856e+00,-1.150031101596346167e-01,8.390283113490683009e-01,4.726263480306869269e-02
4.559386973180076019e+00,-8.203508383031823947e-02,8.868972878334271392e-01,3.533223061500443407e+00
4.597701149425287070e+00,-4.549531784958848329e-02,1.049986629824197104e+00,1.130550480103583411e+01
4.636015325670498122e+00,-3.475678357504341509e-04,1.311801571258193633e+00,1.752123082401339360e+01
4.674329501915708285e+00,5.457778757617592208e-02,1.533132384054209485e+00,2.007746162535166690e+01
4.712643678160919336e+00,1.152909819966643490e-01,1.612343476413649723e+00,2.136018275460791926e+01
4.750957854406129499e+00,1.768186328597390888e-01,1.587837952516490292e+00,2.360323317425152112e+01
4.789272030651340550e+00,2.363734409712525408e-01,1.507341153209511120e+00,2.556821432340867517e+01
4.827586206896551602e+00,2.911752716737382451e-01,1.334383506411569886e+00,2.491131830181954498e+01
4.865900383141761765e+00,3.367270201949519870e-01,1.032524802261878261e+00,2.268625980037599277e+01
4.904214559386972816e+00,3.694908560961534527e-01,6.844335726375266882e-01,2.328293788326889313e+01
4.942528735632183867e+00,3.911197798735379094e-01,4.787618473238487993e-01,2.895726998600730084e+01
4.980842911877394030e+00,4.093321406117192418e-01,5.060428655849114055e-01,3.560339415451014844e+01
5.019157088122605082e+00,4.309203022113206605e-01,6.057976353543459425e-01,3.576003082745790351e+01
5.057471264367816133e+00,4.525268233898017134e-01,4.608439581239913707e-01,2.628480799284562153e+01
5.095785440613026296e+00,4.608210733011905980e-01,-1.008307376379907749e-01,1.205255445108223178e+01
5.134099616858237347e+00,4.414762684235791212e-01,-9.254316721746600471e-01,1.209677530454015937e+00
5.172413793103447510e+00,3.905405772456275737e-01,-1.690947120834393580e+00,-2.731859537683239303e+00
5.210727969348658561e+00,3.157310321791475527e-01,-2.158232392175148728e+00,-3.058943491834440920e+00
5.249042145593869613e+00,2.290014558156324986e-01,-2.331239014761316675e+00,-4.351508277589931417e+00
5.287356321839079776e+00,1.393543952217162762e-01,-2.320935670101269110e+00,-6.543660875055468118e+00
5.325670498084290827e+00,5.331735554824654222e-02,-2.138480450311795789e+00,-6.005822308242695584e+00
5.363984674329501878e+00,-2.168585995324399246e-02,-1.738492504362074254e+00,-2.087702282405841991e+00
5.402298850574712041e+00,-7.768423659403531079e-02,-1.175828438007663568e+00,-3.454327518394650909e-01
5.440613026819923093e+00,-1.137600960723157972e-01,-7.537060581913110902e-01,-7.261557975554172373e+00
5.478927203065133256e+00,-1.405002281815231624e-01,-7.352165802284933438e-01,-2.166236874256092904e+01
5.517241379310344307e+00,-1.751950883447376262e-01,-1.113662768036880024e+00,-3.291082481955944417e+01
5.555555555555555358e+00,-2.251550764246551539e-01,-1.430244524797342764e+00,-2.925475450420955781e+01
5.593869731800765521e+00,-2.766086703338790365e-01,-1.114543091786922568e+00,-8.764024252973948492e+00
5.632183908045976573e+00,-2.996582131216781186e-01,3.232126630382069210e-02,1.780535743031751750e+01
5.670498084291187624e+00,-2.683048472646111238e-01,1.618791007750154609e+00,3.499927172453372748e+01
5.708812260536397787e+00,-1.794970033972674850e-01,2.903615159665545953e+00,3.413834588874814102e+01
5.747126436781608838e+00,-5.749079892530625790e-02,3.290743510482774248e+00,1.865243147384329347e+01
5.785440613026819889e+00,5.981807337492649201e-02,2.692337549981331346e+00,1.510542521707375907e-01
5.823754789272030052e+00,1.415171889535112859e-01,1.528521685973305733e+00,-1.027033812780254962e+01
5.862068965517241104e+00,1.774549729359342909e-01,4.022640416471954250e-01,-8.848873786520158546e+00
5.900383141762451267e+00,1.782703599739529077e-01,-2.727576768093040727e-01,-4.030516542536717317e-01
5.938697318007662318e+00,1.627174590936414367e-01,-4.804359146521617885e-01,5.870449623327501421e+00
5.977011494252873369e+00,1.434404653999239720e-01,-5.301700700989041559e-01,3.372822092140355110e+00
6.015325670498083532e+00,1.199205344510705512e-01,-7.450575567096031637e-01,-6.542158470727118313e+00
6.053639846743294584e+00,8.356855618618107273e-02,-1.167355659406059232e+00,-1.529628085839021168e+01
6.091954022988505635e+00,3.125538460953007636e-02,-1.515879495394115928e+00,-1.455091869955127137e+01
6.130268199233715798e+00,-2.697580695498816294e-02,-1.438437149570146234e+00,-4.542576765557024387e+00
6.168582375478926849e+00,-7.285602579492980735e-02,-8.990730332063393559e-01,5.267023336463466876e+00
6.206896551724137900e+00,-9.452437045884840017e-02,-2.543875436343085994e-01,5.421006179371061329e+00
6.245210727969348063e+00,-9.651999475529222938e-02,7.859475684717870392e-02,-3.083341700985723577e+00
6.283524904214559115e+00,-9.337563028437219359e-02,4.689322760385358085e-02,-9.009453685747814689e+00
6.321839080459769278e+00,-9.285396932063820497e-02,1.873096131312047830e-02,-3.236873127480815793e+00
6.360153256704980329e+00,-8.724536351502866494e-02,3.389543529911219766e-01,9.576238136781428878e+00
6.398467432950191380e+00,-6.400276088734718760e-02,8.667702693775030109e-01,1.424810060626946395e+01
6.436781609195401543e+00,-2.547491818069294589e-02,1.037842552066027935e+00,1.808914851815012881e+00
6.475095785440612595e+00,5.951415713302861052e-03,4.854048443864490969e-01,-1.825249401201844535e+01
6.513409961685823646e+00,6.556843594080647222e-03,-4.536415373464776080e-01,-2.564888530054421878e+01
6.551724137931033809e+00,-2.312400626885719596e-02,-9.599011052439827552e-01,-1.086470289718548798e+01
6.590038314176244860e+00,-5.488033570375620840e-02,-5.524290653968133569e-01,1.259726917989897821e+01
6.628352490421455023e+00,-5.879664085645655569e-02,3.544343127796112380e-01,2.058897920433856399e+01
6.666666666666666075e+00,-3.359910769968846300e-02,8.161328452980602943e-01,3.964468536558619860e+00
6.704980842911877126e+00,-8.740693148461146922e-03,3.393226804171057820e-01,-2.003542624755532131e+01
6.743295019157087289e+00,-1.312852249563159143e-02,-5.482311933688541750e-01,-2.435868993536320914e+01
6.781609195402298340e+00,-4.224467303232146836e-02,-7.879735469695385852e-01,-1.792889328025935036e-01
6.819923371647509391e+00,-5.811747005635060914e-02,1.365474740616429150e-01,3.336327331099057858e+01
6.858237547892719554e+00,-2.410459254094095977e-02,1.641940504920547550e+00,4.824113408622530841e+01
6.896551724137930606e+00,6.042528616910263634e-02,2.595709806661076868e+00,3.496561701973355696e+01
6.934865900383141657e+00,1.591294198489228151e-01,2.359892415116450426e+00,9.545144551595456051e+00
6.973180076628351820e+00,2.302625222639173852e-01,1.280635790437230304e+00,-5.551077564639124162e+00
7.011494252873562871e+00,2.570781626260094099e-01,1.821524806097247762e-01,-3.734186342762716215e+00
7.049808429118773034e+00,2.505352060320254481e-01,-4.421710731598300637e-01,4.137020051946744381e+00
7.088122605363984086e+00,2.284715746062101205e-01,-6.692732340835783056e-01,7.342334044288099548e+00
7.126436781609195137e+00,2.011526380130233826e-01,-7.316297270030750477e-01,8.570622591156739745e+00
7.164750957854405300e+00,1.750945308190856031e-01,-5.714584837642073811e-01,1.682107534565898987e+01
7.203065134099616351e+00,1.627459192802683807e-01,-1.006108358661716995e-02,3.056882387813807611e+01
7.241379310344827402e+00,1.769895107745522722e-01,7.363895170946137547e-01,3.471974957837783649e+01
7.279693486590037566e+00,2.128836488998000487e-01,9.999335686900937548e-01,1.778191403971134577e+01
7.318007662835248617e+00,2.408141763406205782e-01,2.959594521504005371e-01,-1.083745693145029421e+01
7.356321839080459668e+00,2.272587620465295610e-01,-1.028926487096685438e+00,-2.645172170950200652e+01
7.394636015325669831e+00,1.672229913816792868e-01,-1.954546354475104053e+00,-1.464847054181482022e+01
7.432950191570880882e+00,9.219163232842492173e-02,-1.763125244077928366e+00,1.126429075785026157e+01
7.471264367816091045e+00,4.213641857366409726e-02,-8.071460794822677975e-01,2.243377563532884267e+01
7.509578544061302097e+00,2.638432556706848259e-02,-1.566244954780335319e-01,5.143471700662516355e+00
7.547892720306513148e+00,1.685067453885943228e-02,-5.036440370028776314e-01,-2.316259154430107259e+01
7.586206896551723311e+00,-1.910603741892809293e-02,-1.364185487937922714e+00,-3.111337019504828305e+01
7.624521072796934362e+00,-7.896030218715269222e-02,-1.563520053330440973e+00,-6.498290679371051759e+00
7.662835249042145414e+00,-1.218628328566359192e-01,-4.753826834029430959e-01,2.982746897874140757e+01
7.701149425287355577e+00,-1.068636887117041939e-01,1.252630109754284460e+00,4.393411047876223563e+01
7.739463601532566628e+00,-3.559995716735603333e-02,2.241485970817963747e+00,2.164854586267729530e+01
7.777777777777776791e+00,4.405278325918027954e-02,1.642725222649188188e+00,-1.918618231905847082e+01
7.816091954022987842e+00,7.490762690962032844e-02,-1.350827359157853458e-01,-4.741010378826483418e+01
7.854406130268198893e+00,3.436507216342059995e-02,-1.868687800212146310e+00,-4.684133299634122238e+01
7.892720306513409056e+00,-5.465374059930606238e-02,-2.566523061676754924e+00,-2.619173458162426016e+01
7.931034482758620108e+00,-1.474473234070581840e-01,-2.123724094930752759e+00,-5.075853592841520268e+00
7.969348659003831159e+00,-2.098769272874324299e-01,-1.095648839723353252e+00,5.186127075435448042e+00
8.007662835249041322e+00,-2.316986067972141572e-01,-7.664309078925013452e-02,6.688636487901602479e+00
8.045977011494251485e+00,-2.192190590879816714e-01,6.766076118964842179e-01,5.966466759912565365e+00
8.084291187739463425e+00,-1.833606761833148358e-01,1.151954301759387178e+00,5.361777562715207779e+00
8.122605363984673588e+00,-1.342423636573643608e-01,1.368233906705428771e+00,3.978716434562839410e+00
8.160919540229883751e+00,-8.135490404720208124e-02,1.362434253785193672e+00,2.970395391821479159e+00
8.199233716475095690e+00,-3.119821975790607049e-02,1.258657182623506676e+00,5.558488527505151211e+00
8.237547892720305853e+00,1.597177248855064652e-02,1.227483966474788524e+00,1.175212014811494754e+01
8.275862068965516016e+00,6.413837780679031153e-02,1.289211482963722011e+00,1.650159737439585328e+01
8.314176245210727956e+00,1.140522987522148285e-01,1.285059908515282734e+00,1.555228338517924414e+01
8.352490421455938119e+00,1.597922751431676558e-01,1.071791412351607020e+00,1.179216411174730084e+01
8.390804597701148282e+00,1.946882032140395957e-01,7.566947388011207032e-01,1.261547242992105566e+01
8.429118773946360221e+00,2.200122058263798142e-01,6.088188633817496198e-01,2.003145503803997940e+01
8.467432950191570384e+00,2.445642117642823077e-01,6.949959380594767921e-01,2.587324066157903957e+01
8.505747126436780547e+00,2.723621142142220730e-01,7.020812667794220641e-01,1.983530230475759026e+01
8.544061302681992487e+00,2.920272414330097321e-01,2.289687014104287432e-01,2.392045952377324536e+00
8.582375478927202650e+00,2.835277249071574968e-01,-7.193509315741126731e-01,-1.294752404986339300e+01
8.620689655172412813e+00,2.376543394666946196e-01,-1.605990210015790343e+00,-1.249693804749146864e+01
8.659003831417624752e+00,1.693005126036357111e-01,-1.818446259631317119e+00,2.983571258295356188e+00
8.697318007662834916e+00,1.084811763986162081e-01,-1.258940358824061745e+00,1.851978401571133404e+01
8.735632183908045079e+00,7.618153590879622739e-02,-4.428186708826740148e-01,2.048562075679530636e+01
8.773946360153255242e+00,6.991760780522991714e-02,2.819797527566551831e-02,1.051385988066597754e+01
8.812260536398467181e+00,7.221714525427187781e-02,3.753033084460541402e-02,2.374956557540446767e+00
8.850574712643677344e+00,7.175721991258551813e-02,-3.567829777314675266e-02,5.637896581109175465e+00
8.888888888888887507e+00,7.310411264886514104e-02,1.553981434645588799e-01,1.479029324942068513e+01
8.927203065134099447e+00,8.554743699743891372e-02,4.799601872564931426e-01,1.602661216799813459e+01
8.965517241379309610e+00,1.055822147769918395e-01,4.764945316400737707e-01,3.691418475923481601e+00
9.003831417624519773e+00,1.147223456763663135e-01,-7.789864674048629922e-02,-1.243124295562214954e+01
9.042145593869731712e+00,9.669356849059648762e-02,-8.454888020824697925e-01,-1.717565045064958085e+01
9.080459770114941875e+00,5.531392647908644350e-02,-1.206890704317771679e+00,-6.107486690153021591e+00
9.118773946360152038e+00,1.335318245328874498e-02,-8.771850788494612861e-01,9.910148518665057082e+00
9.157088122605363978e+00,-6.974227338876722200e-03,-1.720226713431636245e-01,1.606711136720203825e+01
9.195402298850574141e+00,-2.797757555629184264e-03,3.109506479467453177e-01,8.066659366309483659e+00
9.233716475095784304e+00,9.668049105453208406e-03,2.504631426094398039e-01,-5.327887136498658194e+00
9.272030651340996243e+00,1.162925575812357934e-02,-1.749034990644750542e-01,-1.281403895207861154e+01
9.310344827586206407e+00,-3.147696451582965640e-03,-5.619092081753230827e-01,-1.171202368677142758e+01
9.348659003831416570e+00,-2.809682654206376723e-02,-7.003671762643431942e-01,-8.409427853084631366e+00
9.386973180076628509e+00,-5.499360326238295071e-02,-6.985892106620168462e-01,-9.457456891234407692e+00
9.425287356321838672e+00,-8.229402475271396789e-02,-7.463557874391447688e-01,-1.408182293753293557e+01
9.463601532567048835e+00,-1.126950145147245230e-01,-8.289306791232626814e-01,-1.564631211270121902e+01
9.501915708812258998e+00,-1.437714041919373187e-01,-7.412933233669517508e-01,-9.218124365756480643e+00
9.540229885057470938e+00,-1.646087151311816099e-01,-2.812100344090546766e-01,3.227406367059777459e+00
9.578544061302681101e+00,-1.611703284365001709e-01,4.924663924092059220e-01,1.459273423660150648e+01
9.616858237547891264e+00,-1.267492727177580991e-01,1.275225709355915171e+00,1.870779720063359619e+01
9.655172413793103203e+00,-6.768046525601116581e-02,1.731392301623383423e+00,1.489743495383946481e+01
9.693486590038313366e+00,-1.722290096736467380e-04,1.719377322816801890e+00,7.947604241625120025e+00
9.731800766283523529e+00,5.966844357991181458e-02,1.372558377677808306e+00,4.293688328970504564e+00
9.770114942528735469e+00,1.046008142095454646e-01,9.896336635913972612e-01,7.125674722315033627e+00
9.808429118773945632e+00,1.379046740450007580e-01,7.889904422994692412e-01,1.329065537105794803e+01
9.846743295019155795e+00,1.666594120418908309e-01,7.091813564045077456e-01,1.443368758196159618e+01
9.885057471264367734e+00,1.897363728827993201e-01,4.241460776965080282e-01,2.878439413163264682e+00
9.923371647509577897e+00,1.917595796032139643e-01,-4.324478550342120697e-01,-2.115842466586914128e+01
9.961685823754788061e+00,1.487386648710436188e-01,-1.885121567961906663e+00,-4.720866619349558846e+01
1.000000000000000000e+01,4.554391540987462461e-02,-3.459490166459955773e+00,-6.059709902828875983e+01
1.003831417624521016e+01,-1.081585925699076189e-01,-4.398108891921616248e+00,-5.303623937971295277e+01
1.007662835249042033e+01,-2.760278666513452106e-01,-4.140807848372962674e+00,-2.879324202518225206e+01
1.011494252873563227e+01,-4.099874835608611212e-01,-2.693492223077741610e+00,-8.531744617455156998e-01
1.015325670498084243e+01,-4.738500498075101097e-01,-5.913706846195216915e-01,1.911282384518813515e+01
1.019157088122605259e+01,-4.561164440590996794e-01,1.457376314525850702e+00,2.751372934012992744e+01
1.022988505747126275e+01,-3.692517400620387580e-01,2.950719626313738964e+00,2.712521165472229612e+01
1.026819923371647469e+01,-2.397967070931204814e-01,3.676568201968716476e+00,2.098320178446588713e+01
1.030651340996168486e+01,-9.794549233863132642e-02,3.598348439919871300e+00,9.757467785848861652e+00
1.034482758620689502e+01,2.644080735875808941e-02,2.785065765716854713e+00,-5.187960820100554926e+00
1.038314176245210696e+01,1.087903551720151574e-01,1.460540039859469008e+00,-1.861756972324176829e+01
1.042145593869731712e+01,1.371234966910400699e-01,4.471358310073747511e-02,-2.390149890994352688e+01
1.045977011494252729e+01,1.170597635920163221e-01,-9.989990265703641015e-01,-1.935979227059509711e+01
1.049808429118773923e+01,6.841746971116448306e-02,-1.440844476565378507e+00,-1.093029613153856872e+01
1.053639846743294939e+01,1.263818087159157902e-02,-1.424018638258774505e+00,-7.158693730782244913e+00
1.057471264367815955e+01,-3.942790089101429890e-02,-1.303398815271537892e+00,-1.138136444493980548e+01
1.061302681992337149e+01,-8.916590455504115609e-02,-1.323159709792033789e+00,-1.944411480915700352e+01
1.065134099616858165e+01,-1.422887253028524146e-01,-1.455001906644772136e+00,-2.503273478817214581e+01
1.068965517241379182e+01,-1.998850653697265001e-01,-1.527761688713773047e+00,-2.614336827588592982e+01
1.072796934865900376e+01,-2.572981449244317043e-01,-1.440257459111147886e+00,-2.556213684093533800e+01
1.076628352490421392e+01,-3.091834287364871314e-01,-1.253201198255214921e+00,-2.591564495121581402e+01
1.080459770114942408e+01,-3.526138678882210220e-01,-1.018327453468992339e+00,-2.622987870959888212e+01
1.084291187739463602e+01,-3.864355263800236528e-01,-7.310886438646868601e-01,-2.426629486454933016e+01
1.088122605363984619e+01,-4.074452725979537671e-01,-3.589232577808709745e-01,-2.093671152120699830e+01
1.091954022988505635e+01,-4.136808757810864767e-01,2.221964387867024493e-02,-2.019474142928339333e+01
1.095785440613026651e+01,-4.078268716194723420e-01,2.464848965656703528e-01,-2.378816452201243692e+01
1.099616858237547845e+01,-3.977054318687170964e-01,2.517450208623288610e-01,-2.749575187437525159e+01
1.103448275862068861e+01,-3.891202571783626829e-01,2.140435594445723455e-01,-2.443957786840346813e+01
1.107279693486589878e+01,-3.781214960194916874e-01,4.248704041178863466e-01,-1.252338752778271314e+01
1.111111111111111072e+01,-3.516232694353863542e-01,1.009435436876887193e+00,2.538089328479579798e+00
1.114942528735632088e+01,-2.982487257737940212e-01,1.776127141991558744e+00,1.250242751146920384e+01
1.118773946360153104e+01,-2.179003064740334672e-01,2.367379487445422370e+00,1.445932763178807079e+01
1.122605363984674298e+01,-1.218954450611145768e-01,2.573832878547400060e+00,1.249236556164418666e+01
1.126436781609195315e+01,-2.475872236972642693e-02,2.450286503487638434e+00,1.174499603194674613e+01
1.130268199233716331e+01,6.368896600023046806e-02,2.152856493759924827e+00,1.244647584256135175e+01
1.134099616858237525e+01,1.387481996206474388e-01,1.741868322091046917e+00,1.113442717874692889e+01
1.137931034482758541e+01,1.952009810359176256e-01,1.188035860313292336e+00,7.114578304498338390e+00
1.141762452107279557e+01,2.287273582554724682e-01,5.669588304527907185e-01,5.391475238571325157e+00
1.145593869731800751e+01,2.410044920819299219e-01,1.297629476202900589e-01,1.137406766875917796e+01
1.149425287356321768e+01,2.441130726751043201e-01,1.074217282626170056e-01,2.294207754874577176e+01
1.153256704980842784e+01,2.535567729210644328e-01,4.086973953912365065e-01,2.961800056302862316e+01
1.157088122605363978e+01,2.737481552575001253e-01,5.731704723110817579e-01,2.132416749738708006e+01
1.160919540229884994e+01,2.892002486296774699e-01,1.031489960361273162e-01,-1.457301360964796233e+00
1.164750957854406010e+01,2.722814584330114362e-01,-1.078200195030634578e+00,-2.640580359996038595e+01
1.168582375478927204e+01,2.036073726399986183e-01,-2.481360717491326806e+00,-3.856595265928339700e+01
1.172413793103448221e+01,8.879211552530738571e-02,-3.366283148159822769e+00,-3.166188298739085383e+01
1.176245210727969237e+01,-4.122482709743313656e-02,-3.245179625751212438e+00,-1.193845090418227528e+01
1.180076628352490253e+01,-1.477048045413082711e-01,-2.192781273857979052e+00,7.519795907930705070e+00
1.183908045977011447e+01,-2.043784154322115243e-01,-7.582441311294023656e-01,1.623209828974869851e+01
1.187739463601532464e+01,-2.090422967395164089e-01,4.266155714087299655e-01,1.241153964880640537e+01
1.191570881226053480e+01,-1.795895540208858332e-01,1.008385863827573559e+00,2.638326361412510312e+00
1.195402298850574674e+01,-1.386719463452135148e-01,1.065325302450229161e+00,-3.546901752946503450e+00
1.199233716475095690e+01,-9.988580831665744286e-02,9.660916810571820168e-01,-5.820472792345792179e-01
1.203065134099616706e+01,-6.239788499516813608e-02,1.034906010643324326e+00,8.899622126911232556e+00
1.206896551724137900e+01,-1.806680861031097207e-02,1.290284140681930536e+00,1.601265618936453450e+01
1.210727969348658917e+01,3.523584699664505243e-02,1.440786617931671287e+00,1.331890762630757763e+01
1.214559386973179933e+01,8.680620118204107616e-02,1.173374238044420981e+00,2.253451939458148257e+00
1.218390804597701127e+01,1.197973272342854473e-01,5.049737081320044840e-01,-7.376380805755180070e+00
1.222222222222222143e+01,1.252970432404943713e-01,-1.821201086431729621e-01,-6.868416977113714239e+00
1.226053639846743160e+01,1.108226604779857655e-01,-4.933666230450510226e-01,1.828400973768460780e+00
1.229885057471264354e+01,9.268366633248545372e-02,-4.136068462711087745e-01,7.417330303279783266e+00
1.233716475095785370e+01,7.920271766263117796e-02,-3.257582016365545563e-01,1.657802479970477805e+00
1.237547892720306386e+01,6.342952415645225495e-02,-5.582743826036193902e-01,-1.010505138264030478e+01
1.241379310344827580e+01,3.420856264400274488e-02,-9.533528259280457107e-01,-1.328676053412460867e+01
1.245210727969348596e+01,-4.993982441334813421e-03,-9.893230205197482974e-01,-5.035500281251890087e-01
1.249042145593869613e+01,-3.283894791072377445e-02,-3.649529622990066446e-01,1.777891487091389067e+01
1.252873563218390629e+01,-2.928105823893631041e-02,5.314904369940256501e-01,2.217589570646324404e+01
1.256704980842911823e+01,1.119751849104053121e-03,9.128051769413608740e-01,5.371955765912748149e+00
1.260536398467432839e+01,2.870887923573288425e-02,3.911679108476840971e-01,-1.772629423576360708e+01
1.264367816091953856e+01,2.559516141763035907e-02,-5.431758750865431917e-01,-2.389332313067385627e+01
1.268199233716475050e+01,-6.013134608129581254e-03,-9.589067383183581539e-01,-6.475733174752789978e+00
1.272030651340996066e+01,-3.561104719485115588e-02,-4.544479763577553566e-01,1.571394349074074448e+01
1.275862068965517082e+01,-3.646314327976125924e-02,3.737185582544149121e-01,1.676036544715748988e+01
1.279693486590038276e+01,-1.633690136189272848e-02,4.946569838002547459e-01,-9.112406874664205958e+00
1.283524904214559292e+01,-1.314185360962970457e-02,-4.823373543339425362e-01,-4.051989159655902029e+01
1.287356321839080309e+01,-5.871702990396510113e-02,-1.866092545750945408e+00,-5.005494724147553853e+01
1.291187739463601503e+01,-1.466534655987897506e-01,-2.521407770173882845e+00,-3.121222963142346174e+01
1.295019157088122519e+01,-2.355579161883074035e-01,-1.933803849279801756e+00,-2.898890555603503394e+00
1.298850574712643535e+01,-2.848626931640388937e-01,-5.939366781646100435e-01,1.164096885665234105e+01
1.302681992337164729e+01,-2.835604254365569066e-01,5.730746571298031000e-01,7.172435876813959332e+00
1.306513409961685745e+01,-2.496378823137631042e-01,1.083309959315219562e+00,-3.455555780306843516e+00
1.310344827586206762e+01,-2.066781364281215505e-01,1.110136723877881648e+00,-8.159850521665164891e+00
1.314176245210727956e+01,-1.667242401619478676e-01,9.640310720331526362e-01,-9.038882447868793690e+00
1.318007662835248972e+01,-1.347479619185486532e-01,6.693970062572501822e-01,-1.495082060692298853e+01
1.321839080459769988e+01,-1.189158040536703598e-01,1.098784343408462649e-01,-2.482904816997807984e+01
1.325670498084291005e+01,-1.271411068296274260e-01,-5.038443840262489815e-01,-2.505606292205407115e+01
1.329501915708812199e+01,-1.509359963773977131e-01,-6.005958589524884594e-01,-6.242182521806142859e+00
1.333333333333333215e+01,-1.612836226661439332e-01,1.996097621746818485e-01,2.099430173624134000e+01
1.337164750957854231e+01,-1.293792972189150847e-01,1.462683530383579900e+00,3.297808195907325057e+01
1.340996168582375425e+01,-5.632911630787461321e-02,2.185434834003041615e+00,1.800620835651589857e+01
1.344827586206896441e+01,2.298147122094358619e-02,1.763204233300090129e+00,-8.532640214455241789e+00
1.348659003831417458e+01,6.977315308480548650e-02,6.533850128700908755e-01,-1.831574281055229392e+01
1.352490421455938652e+01,7.842985523111854762e-02,-5.072273945395711081e-02,-2.520821029522193335e-01
1.356321839080459668e+01,7.935940035422910099e-02,2.567101460829638304e-01,2.624009559624559529e+01
1.360153256704980684e+01,1.041289754466235840e-01,1.015201824865214597e+00,3.076039299762013002e+01
1.363984674329501878e+01,1.479372581163851397e-01,1.077842542356037381e+00,4.406802262796689185e+00
1.367816091954022895e+01,1.708183379699550197e-01,-5.707848302768286919e-02,-2.944302738081931636e+01
1.371647509578543911e+01,1.378003581782394904e-01,-1.624740244167918402e+00,-3.780345156661659445e+01
1.375478927203065105e+01,5.826755476287895363e-02,-2.278208922832520855e+00,-1.052381290119778967e+01
1.379310344827586121e+01,-1.581474151428462899e-02,-1.338148674562519513e+00,3.061828882267556295e+01
1.383141762452107137e+01,-3.147252859690491400e-02,5.770295124685196342e-01,5.370375940042465146e+01
1.386973180076628331e+01,2.389164549811158625e-02,2.149205336028924940e+00,4.535656567763028590e+01
1.390804597701149348e+01,1.166767075702779682e-01,2.463183044157592150e+00,1.831758896279276883e+01
1.394636015325670364e+01,1.972620480586013414e-01,1.599942037681657547e+00,-5.369191400357342658e+00
1.398467432950191380e+01,2.335437819885820832e-01,2.906232894207516626e-01,-1.463930570670678755e+01
1.402298850574712574e+01,2.225324123048854352e-01,-8.014134677264714846e-01,-1.354031042704827215e+01
1.406130268199233591e+01,1.780740305299379211e-01,-1.445236733457589962e+00,-1.053054744114422014e+01
1.409961685823754607e+01,1.164596056344477382e-01,-1.716730264074860735e+00,-8.802979647979531919e+00
1.413793103448275801e+01,4.997859036007505640e-02,-1.716575601285012853e+00,-7.254446996566682238e+00
1.417624521072796817e+01,-1.249751389743199159e-02,-1.519193517379806124e+00,-6.344695113937933506e+00
1.421455938697317833e+01,-6.569559024419921456e-02,-1.263241315566444367e+00,-8.679958587435562478e+00
1.425287356321839027e+01,-1.104302782870563576e-01,-1.099982323805169138e+00,-1.405837943862669270e+01
1.429118773946360044e+01,-1.513033708684368706e-01,-1.040203507755704138e+00,-1.765518730735759334e+01
1.432950191570881060e+01,-1.895826836832082418e-01,-9.322318533458888723e-01,-1.558450012254029460e+01
1.436781609195402254e+01,-2.202262168337896509e-01,-6.345120142207998359e-01,-1.080203548385319934e+01
1.440613026819923270e+01,-2.373937205601143186e-01,-2.706871453399687377e-01,-1.031409216709189280e+01
1.444444444444444287e+01,-2.429128313053749988e-01,-6.469272575684695270e-02,-1.572976630449207214e+01
1.448275862068965480e+01,-2.453556268839219567e-01,-8.344504570680304212e-02,-1.917816497645787877e+01
1.452107279693486497e+01,-2.483727569289223558e-01,-2.600218889857958127e-02,-1.150223095706767040e+01
1.455938697318007513e+01,-2.417326192480065972e-01,4.569368913582159131e-01,5.640374510160086174e+00
1.459770114942528707e+01,-2.084409980263364492e-01,1.306457580460908652e+00,1.869063252245506845e+01
1.463601532567049723e+01,-1.438454911892463328e-01,1.979028796844561011e+00,1.537220191855700335e+01
1.467432950191570740e+01,-6.632646321158214286e-02,1.924185508145904944e+00,-1.696502039824266728e+00
1.471264367816091934e+01,-5.922890005376810207e-03,1.144914474193092335e+00,-1.672447427697088074e+01
1.475095785440612950e+01,1.947448228667352649e-02,2.189002662300266466e-01,-1.684772965780229015e+01
1.478927203065133966e+01,1.690582385822690659e-02,-2.512092275896535831e-01,-5.123276831801371500e+00
1.482758620689654983e+01,7.177232767744932268e-03,-1.961990374967466644e-01,3.974555119574086248e+00
1.486590038314176176e+01,3.148569832756964448e-03,-3.863199105571321623e-02,1.307093816342748571e+00
1.490421455938697193e+01,6.959388145136293988e-04,-1.375256666768153169e-01,-6.939963683889509127e+00
1.494252873563218209e+01,-9.144234674000238650e-03,-3.616143607632355539e-01,-7.137000460231611498e+00
1.498084291187739403e+01,-2.290265365177153456e-02,-2.730279438229828992e-01,5.352641894031931358e+00
1.501915708812260419e+01,-2.354355944734533995e-02,3.046929149186925478e-01,2.003073505922951369e+01
1.505747126436781436e+01,2.079789638808796082e-03,1.000300289999789705e+00,2.234236428535593788e+01
1.509578544061302630e+01,4.691744052880260363e-02,1.223338641557301321e+00,9.497794267041669514e+00
1.513409961685823646e+01,8.681643130723235013e-02,7.635981714913290253e-01,-6.366277822540001630e+00
1.517241379310344662e+01,1.015268630753754509e-01,9.313549779657703809e-03,-1.067802444291938535e+01
1.521072796934865856e+01,9.175725932173522947e-02,-4.269019860388548193e-01,-6.606718964144926431e-01
1.524904214559386872e+01,7.657329763315562365e-02,-2.763965802533349114e-01,1.344239653604247131e+01
1.528735632183907889e+01,7.502718068895415648e-02,2.126478256217762541e-01,1.999629349207776841e+01
1.532567049808429083e+01,9.135191875542879314e-02,5.936227320014031417e-01,1.706949516906592734e+01
1.536398467432950099e+01,1.163672163059499554e-01,6.634011544809745864e-01,1.191849367719728114e+01
1.540229885057471115e+01,1.399253797348425365e-01,5.579161060784996184e-01,1.132147025642482063e+01
1.544061302681992309e+01,1.596256539288506693e-01,4.858101158266187602e-01,1.423771788741320066e+01
1.547892720306513326e+01,1.777105668285447471e-01,4.498188294621290884e-01,1.400658629218306395e+01
1.551724137931034342e+01,1.920487307958211043e-01,2.514447686849291541e-01,6.330567114253771166e+00
1.555555555555555358e+01,1.927886694750214347e-01,-2.639704027833694733e-01,-5.920285636635011173e+00
1.559386973180076552e+01,1.689558364244474475e-01,-9.927735411318406866e-01,-1.532919287314716428e+01
1.563218390804597568e+01,1.181099805059777214e-01,-1.613660397619608000e+00,-1.641324452128326072e+01
1.567049808429118585e+01,5.067005217138285944e-02,-1.821364319523985253e+00,-9.753111745934942789e+00
1.570881226053639779e+01,-1.509884430393502314e-02,-1.541587350537712897e+00,-9.912462954735810072e-01
1.574712643678160795e+01,-6.366564093404961100e-02,-9.714582947151297887e-01,3.644290591905580357e+00
1.578544061302681811e+01,-8.990418470801926631e-02,-4.259676126636808835e-01,1.984671542027278468e+00
1.582375478927203005e+01,-9.922601616306997441e-02,-9.958294262562650268e-02,-2.012589194569017970e+00
1.586206896551724022e+01,-9.938343135843312470e-02,9.202787179532148643e-02,-4.076832807035226658e-01
1.590038314176245038e+01,-8.978237336783596867e-02,4.697528206816622975e-01,1.273733556009145929e+01
1.593869731800766232e+01,-5.729636783966326335e-02,1.316398309557403445e+00,3.517460415254067385e+01
1.597701149425287248e+01,1.636314657617128632e-02,2.560365189785734241e+00,5.561676076286124726e+01
1.601532567049808264e+01,1.376319966567776387e-01,3.687660090873556840e+00,6.065306975220693175e+01
1.605363984674329458e+01,2.883411290299389140e-01,3.995921317824494778e+00,4.488062968093425553e+01
1.609195402298850297e+01,4.280296513444713513e-01,3.088201151246604770e+00,1.555528075287699608e+01
1.613026819923371491e+01,5.119178001155727520e-01,1.168898294170536811e+00,-1.276507990282526883e+01
1.616858237547892685e+01,5.132634055443616727e-01,-1.080721687616795323e+00,-2.881061275570208835e+01
1.620689655172413524e+01,4.343411638620641169e-01,-2.917893744855036164e+00,-3.080840142017993699e+01
1.624521072796934718e+01,3.007003367423084494e-01,-3.906050591388789517e+00,-2.372479680603859720e+01
1.628352490421455911e+01,1.467533238313158406e-01,-3.975875809586771670e+00,-1.236122593475204567e+01
1.632183908045976750e+01,6.000300008487058356e-03,-3.261060243332607467e+00,1.587767183584405828e+00
1.636015325670497944e+01,-9.553696062902919395e-02,-1.967804011649079587e+00,1.653571902613304445e+01
1.639846743295019138e+01,-1.411683624046726204e-01,-4.013004367378778525e-01,2.783786458459561786e+01
1.643678160919539977e+01,-1.281896488796052669e-01,1.012348189158243983e+00,3.011404559446222962e+01
1.647509578544061171e+01,-7.076154831567976755e-02,1.868712439660456859e+00,2.308353557497537523e+01
1.651340996168582365e+01,6.030994316973556368e-03,2.036399735792638221e+00,1.351920365077346808e+01
1.655172413793103203e+01,7.941190180343316030e-02,1.752011148047080580e+00,9.817449552028044479e+00
1.659003831417624397e+01,1.396594774620275037e-01,1.416272998099530556e+00,1.442011296110073282e+01
1.662835249042145591e+01,1.904090393444028417e-01,1.269917638723746078e+00,2.224468011600807316e+01
1.666666666666666430e+01,2.387988439840323940e-01,1.259064650604857727e+00,2.660980315456910716e+01
1.670498084291187624e+01,2.862833878613149086e-01,1.191974149071268974e+00,2.576598318092990425e+01
1.674329501915708818e+01,3.280887327453057556e-01,9.676535303514771647e-01,2.301442344988166155e+01
1.678160919540229656e+01,3.590363247210772712e-01,6.409932829387940956e-01,2.139895437944675294e+01
1.681992337164750850e+01,3.771644505358210386e-01,3.057584248661137094e-01,2.015085006276541080e+01
1.685823754789272044e+01,3.823178380942666155e-01,-4.011490020961450131e-02,1.704496339363324608e+01
1.689655172413792883e+01,3.736461248736763774e-01,-4.173325654590463452e-01,1.279380730349748951e+01
1.693486590038314077e+01,3.506428026214541971e-01,-7.654251321522739238e-01,1.094241340520973438e+01
1.697318007662835271e+01,3.172573289322828116e-01,-9.449803105833571859e-01,1.284598161832392904e+01
1.701149425287356109e+01,2.810365946226987544e-01,-9.196618667965714700e-01,1.431352902703525309e+01
1.704980842911877303e+01,2.467965209995731657e-01,-8.815740171875320330e-01,9.132240711148000400e+00
1.708812260536398497e+01,2.100979941710399701e-01,-1.087392014176222110e+00,-3.803700496588002800e+00
1.712643678160919336e+01,1.593583171285994915e-01,-1.612737033809240161e+00,-1.813443887461476578e+01
1.716475095785440530e+01,8.564315686523947535e-02,-2.223556729927595565e+00,-2.577969874347246204e+01
1.720306513409961724e+01,-7.611353956184951919e-03,-2.573350136482624784e+00,-2.464575923844966709e+01
1.724137931034482563e+01,-1.059533949283006093e-01,-2.481410625780282597e+00,-1.970747280969444404e+01
1.727969348659003757e+01,-1.937809784706185923e-01,-2.064535828151752295e+00,-1.662850579241022686e+01
1.731800766283524950e+01,-2.623714924488644296e-01,-1.516561223037901529e+00,-1.578436404456099318e+01
1.735632183908045789e+01,-3.096194646042776943e-01,-9.415203911816351079e-01,-1.368607078892099160e+01
1.739463601532566983e+01,-3.338425301202528894e-01,-3.215357660424826847e-01,-9.436313650049052981e+00
1.743295019157087822e+01,-3.343803180216179949e-01,2.773083743477232077e-01,-7.453117998453370419e+00
1.747126436781609016e+01,-3.156139592890979673e-01,6.458213537898277457e-01,-1.222220228798318686e+01
1.750957854406130210e+01,-2.900918338863283652e-01,6.166403919450763604e-01,-2.098250484290719342e+01
1.754789272030651048e+01,-2.717778711027687422e-01,3.296220195075564297e-01,-2.372406663492336065e+01
1.758620689655172242e+01,-2.625202064793956125e-01,2.329007319689861966e-01,-1.213579110307152753e+01
1.762452107279693436e+01,-2.458842722763510402e-01,7.477414792579526459e-01,1.115397309547662807e+01
1.766283524904214275e+01,-1.975346653792419693e-01,1.839597803757713645e+00,3.282201828379417208e+01
1.770114942528735469e+01,-1.046870057706726365e-01,2.948569287583583609e+00,3.900145782018658025e+01
1.773946360153256663e+01,1.961967106927495208e-02,3.373221997585379661e+00,2.611704673226288875e+01
1.777777777777777501e+01,1.402484350140530411e-01,2.757772476168552700e+00,3.072301334787370664e+00
1.781609195402298695e+01,2.203589211760729749e-01,1.337790013842725223e+00,-1.607130707708249062e+01
1.785440613026819889e+01,2.408966135325587288e-01,-2.331608707320920182e-01,-2.198048209484403870e+01
1.789272030651340728e+01,2.086432825465986407e-01,-1.329382539719018652e+00,-1.512284052712115923e+01
1.793103448275861922e+01,1.485854748236430933e-01,-1.691105806054131744e+00,-3.783752252618461487e+00
1.796934865900383116e+01,8.629290778309128829e-02,-1.503019333378675437e+00,2.391480589193461626e+00
1.800766283524903955e+01,3.482705462348237302e-02,-1.196079687112591383e+00,-9.384185793402715081e-01
1.804597701149425149e+01,-8.049788288161802141e-03,-1.090788039292361233e+00,-9.862578299235536861e+00
1.808429118773946342e+01,-5.122661823090061961e-02,-1.172435467095302553e+00,-1.531895618462093545e+01
1.812260536398467181e+01,-9.664979732278353164e-02,-1.147585384632496375e+00,-1.086894127976022872e+01
1.816091954022988375e+01,-1.340366475081680164e-01,-7.358613371733959685e-01,8.899127414946645942e-01
1.819923371647509569e+01,-1.486400876937368221e-01,1.166470307284006580e-03,9.937833234755602874e+00
1.823754789272030408e+01,-1.349687955611207635e-01,6.640747821791619376e-01,8.438255989609537266e+00
1.827586206896551602e+01,-1.034814632337987539e-01,8.902995509692421816e-01,-6.878002231394688692e-01
1.831417624521072796e+01,-7.200723395134536742e-02,7.144066113251374972e-01,-6.107573086992015732e+00
1.835249042145593634e+01,-4.892719235878399686e-02,5.290382050463940944e-01,-4.398964819822550609e-01
1.839080459770114828e+01,-2.726135290321099469e-02,6.547447954517158220e-01,1.035761021339991217e+01
1.842911877394636022e+01,3.316179995965808786e-03,9.264583072296485033e-01,1.232436171001338465e+01
1.846743295019156861e+01,3.913593153531971791e-02,8.480256176655217581e-01,-4.621621234201978012e-01
1.850574712643678055e+01,6.051779882984024972e-02,1.875480471541051131e-01,-1.680062850311371747e+01
1.854406130268199249e+01,5.117835498827406904e-02,-6.381505259807276342e-01,-1.838589512473228993e+01
1.858237547892720087e+01,1.931476465439168830e-02,-8.808108752423486898e-01,-5.091008459542845088e-02
1.862068965517241281e+01,-4.734534841760801999e-03,-2.523766996108797178e-01,2.214396674842345192e+01
1.865900383141762475e+01,4.181435222446733616e-03,6.905546969772574650e-01,2.611528973462693415e+01
1.869731800766283314e+01,4.036769267825601748e-02,1.042191501585845836e+00,7.668758646218439168e+00
1.873563218390804508e+01,7.204644209216307105e-02,4.913201146025701904e-01,-1.308689890290410496e+01
1.877394636015325702e+01,7.475553253720298996e-02,-3.002157023796637736e-01,-1.162598237550947822e+01
1.881226053639846540e+01,5.886108435476145040e-02,-3.454527612541234416e-01,1.483784995483683744e+01
1.885057471264367734e+01,6.183000717839570032e-02,6.310934242541796912e-01,4.309413083047927273e+01
1.888888888888888573e+01,1.104469548281648839e-01,1.845997670893733567e+00,4.686997742023805102e+01
1.892720306513409767e+01,1.919416793777309893e-01,2.192404920098572241e+00,2.288516257626551464e+01
1.896551724137930961e+01,2.620076142877502123e-01,1.289263077039535244e+00,-7.263627141055831515e+00
1.900383141762451800e+01,2.827308826402651354e-01,-2.204241751195967769e-01,-2.008595850241367486e+01
1.904214559386972994e+01,2.502477344194836140e-01,-1.350721832796226707e+00,-1.222798043572288229e+01
1.908045977011494188e+01,1.900064691414675988e-01,-1.661131050171439139e+00,1.224350230772612846e+00
1.911877394636015026e+01,1.300209367409418115e-01,-1.422875449780292900e+00,6.946226802814280177e+00
1.915708812260536220e+01,8.251124206746549006e-02,-1.057781648202313685e+00,6.836550080936072860e+00
1.919540229885057414e+01,4.934624469401575897e-02,-6.592720238515776821e-01,1.007572117939709955e+01
1.923371647509578253e+01,3.379391603890583018e-02,-1.297338800083842059e-01,1.637904059856138872e+01
1.927203065134099447e+01,3.904527568510991753e-02,3.592525626781457593e-01,1.363110515490010499e+01
1.931034482758620641e+01,5.433547485298194368e-02,3.091063845216979189e-01,-5.757110527677835599e+00
1.934865900383141479e+01,5.221515784497549051e-02,-5.364891618930816009e-01,-3.043150442997798066e+01
1.938697318007662673e+01,9.187030760458899520e-03,-1.680644964054122559e+00,-3.809724558877237399e+01
1.942528735632183867e+01,-6.793871285151156791e-02,-2.167326451282403976e+00,-1.980215871847352815e+01
1.946360153256704706e+01,-1.417867179980503434e-01,-1.510091308548350497e+00,7.249336538777479078e+00
1.950191570881225900e+01,-1.760325705410492603e-01,-2.726080713312313275e-01,1.556978424442145581e+01
1.954022988505747094e+01,-1.695116856148132789e-01,4.490523762292811250e-01,-3.244307258274507166e+00
1.957854406130267932e+01,-1.553780977881689396e-01,1.366958140074043260e-01,-2.801296249797220739e+01
1.961685823754789126e+01,-1.643991409429091666e-01,-5.753147478679969673e-01,-2.952324501965263437e+01
1.965517241379310320e+01,-1.898651773650951446e-01,-5.666551383322826485e-01,-2.077942212148253809e+00
1.969348659003831159e+01,-1.931319475055181534e-01,5.423930737853193129e-01,2.889643595837007695e+01
1.973180076628352353e+01,-1.447576755771144696e-01,1.906498964326187595e+00,3.187720910681346353e+01
1.977011494252873547e+01,-6.092161686819619337e-02,2.221020685992797894e+00,8.495606947198366399e-01
1.980842911877394386e+01,5.118011161414453419e-03,9.977793055367599750e-01,-3.895681784400148473e+01
1.984674329501915579e+01,5.957612785292771065e-03,-9.608682768859613255e-01,-5.568968852692256633e+01
1.988505747126436773e+01,-6.009126604679468353e-02,-2.283594310472160771e+00,-3.943392651521163117e+01
1.992337164750957612e+01,-1.503079594161393917e-01,-2.178651730813634835e+00,-7.051664388617648882e+00
1.996168582375478806e+01,-2.122485005584425488e-01,-9.343843448907406257e-01,1.745611717245477124e+01
2.000000000000000000e+01,-2.188395856715836807e-01,5.575076458014223135e-01,2.397413660964753035e+01
2.003831417624520839e+01,-1.756556984898295093e-01,1.590366478358360869e+00,1.900847139686050724e+01
2.007662835249042033e+01,-1.048943136877078519e-01,2.010545531398842733e+00,1.305487066877920910e+01
2.011494252873563227e+01,-2.711968209465907484e-02,1.998339143197376711e+00,9.955210732735020329e+00
2.015325670498084065e+01,4.511344140815685966e-02,1.739320694265174883e+00,8.110357314919601990e+00
2.019157088122605259e+01,1.044275254718704526e-01,1.346326040768829335e+00,7.106414092725060527e+00
2.022988505747126453e+01,1.480651234219881041e-01,9.488839224244964843e-01,8.916393173377867853e+00
2.026819923371647292e+01,1.789396446808990127e-01,6.838937427722682205e-01,1.320318598007984967e+01
2.030651340996168486e+01,2.023315716202387371e-01,5.491281050174053879e-01,1.543817561596087096e+01
2.034482758620689680e+01,2.205562992110735587e-01,3.803946025971403078e-01,1.212973846563523850e+01
2.038314176245210518e+01,2.293385147668414170e-01,5.373912189978402587e-02,6.314261546368276079e+00
2.042145593869731712e+01,2.238771743315582374e-01,-3.255736983150155361e-01,4.663303975686386771e+00
2.045977011494252551e+01,2.068279921492134632e-01,-5.243720774411206875e-01,8.476425765112352906e+00
2.049808429118773745e+01,1.866708417867856684e-01,-5.070314772736752573e-01,1.022493805728148430e+01
2.053639846743294939e+01,1.669603889971895128e-01,-5.617501022797583010e-01,1.803812744975385129e+00
2.057471264367815778e+01,1.388721196954773307e-01,-9.814710315943748764e-01,-1.419729934908311186e+01
2.061302681992336971e+01,8.825650012573299508e-02,-1.665219218870701123e+00,-2.445616221270113755e+01
2.065134099616858165e+01,1.438632876856355686e-02,-2.092340698358146955e+00,-1.824960119148098414e+01
2.068965517241379004e+01,-6.228844396880683920e-02,-1.775926395877394537e+00,4.547831044842043369e-02
2.072796934865900198e+01,-1.131333530172945467e-01,-8.131580762285559594e-01,1.409724009563406888e+01
2.076628352490421392e+01,-1.245488518071434098e-01,1.597671125446689100e-01,1.207753927519885195e+01
2.080459770114942231e+01,-1.084362948585886888e-01,5.653465661850147761e-01,-1.405008341842290065e+00
2.084291187739463425e+01,-8.882332746516063970e-02,3.952272286576515303e-01,-1.119816499081817796e+01
2.088122605363984619e+01,-7.934874090036359018e-02,1.255850078853119611e-01,-8.675272466080677702e+00
2.091954022988505457e+01,-7.547091148482701350e-02,1.269204829152838776e-01,-7.530796713005170062e-01
2.095785440613026651e+01,-6.768589904407706914e-02,2.673054513306937219e-01,-9.354838389666917386e-01
2.099616858237547845e+01,-5.875958351565718774e-02,1.247349921245880511e-01,-1.294931033726988545e+01
2.103448275862068684e+01,-6.379218900843050544e-02,-4.403377613782196165e-01,-2.575393286775474166e+01
2.107279693486589878e+01,-9.298733623481483801e-02,-1.037915469877118024e+00,-2.553654062155972326e+01
2.111111111111111072e+01,-1.364581297969334750e-01,-1.115180743171902744e+00,-1.111521981527292624e+01
2.114942528735631910e+01,-1.697811375646146592e-01,-5.380202390716850580e-01,4.323700504752069129e+00
2.118773946360153104e+01,-1.751304966162205712e-01,2.369644203914202940e-01,6.724911272869361412e+00
2.122605363984674298e+01,-1.569681573010031084e-01,6.046640973207343395e-01,-5.023044538308509388e+00
2.126436781609195137e+01,-1.369024951711476645e-01,3.555648534061323085e-01,-1.927461261258659064e+01
2.130268199233716331e+01,-1.335586095069181134e-01,-1.864314129733937175e-01,-2.429378351219391163e+01
2.134099616858237525e+01,-1.487021487446533174e-01,-5.433275151640909462e-01,-1.912727758732208017e+01
2.137931034482758363e+01,-1.703176527081007308e-01,-5.314044780278085467e-01,-1.202203167258565486e+01
2.141762452107279557e+01,-1.867865728929122560e-01,-3.205279248847973106e-01,-9.999445888904322288e+00
2.145593869731800751e+01,-1.955285504298232557e-01,-1.505928008333852486e-01,-1.172582201364041410e+01
2.149425287356321590e+01,-1.991961943985427475e-01,-3.703486052615819618e-02,-1.047556986433298931e+01
2.153256704980842784e+01,-1.966002839644156452e-01,2.081067392296349072e-01,-2.496881889680405031e+00
2.157088122605363978e+01,-1.799278749107480202e-01,7.032079923768830287e-01,8.623549205229107173e+00
2.160919540229884817e+01,-1.412003823794655832e-01,1.312631124042495046e+00,1.538219390672930409e+01
2.164750957854406010e+01,-8.192598342663054423e-02,1.718132564893660064e+00,1.315967514579614139e+01
2.168582375478927204e+01,-1.561595955213841702e-02,1.656988595704599776e+00,3.813413582666720369e+00
2.172413793103448043e+01,3.892989185957976273e-02,1.128082673475075737e+00,-6.282471533963119192e+00
2.176245210727969237e+01,6.810602460236916955e-02,3.878772130206831203e-01,-1.125045803058202765e+01
2.180076628352490431e+01,7.010647978337480879e-02,-2.412287048014193636e-01,-9.962934953779958747e+00
2.183908045977011270e+01,5.326669689417523612e-02,-5.945209758885887652e-01,-7.056900198009969927e+00
2.187739463601532464e+01,2.674042599106173090e-02,-7.866987000949479114e-01,-9.929533602530744574e+00
2.191570881226053302e+01,-8.962808244798274593e-03,-1.125611978645165268e+00,-2.286254661445452996e+01
2.195402298850574496e+01,-6.426518841713846353e-02,-1.828615694689286642e+00,-4.197730569742561357e+01
2.199233716475095690e+01,-1.521013870328726258e-01,-2.753946401659078447e+00,-5.577541282038552595e+01
2.203065134099616529e+01,-2.717502752409417521e-01,-3.379472385811885804e+00,-5.263444452166514509e+01
2.206896551724137723e+01,-3.991568742393416525e-01,-3.093195683326551482e+00,-3.017589448123980489e+01
2.210727969348658917e+01,-4.939462410647305068e-01,-1.674649900009067327e+00,1.719961254160587094e+00
2.214559386973179755e+01,-5.178420466552601242e-01,4.932120940496895756e-01,2.765785079291729431e+01
2.218390804597700949e+01,-4.564132665063611594e-01,2.633441548457603254e+00,3.757234500594918813e+01
2.222222222222222143e+01,-3.256808160415282094e-01,4.022374492201033824e+00,3.207336037720784816e+01
2.226053639846742982e+01,-1.619588773106593327e-01,4.350050232784966830e+00,1.847597343497086086e+01
2.229885057471264176e+01,-4.591507719958032308e-03,3.721990961022616506e+00,3.109760651322631020e+00
2.233716475095785370e+01,1.148976442850881408e-01,2.438459037505037230e+00,-1.179473324464461115e+01
2.237547892720306209e+01,1.777662149763970523e-01,8.142383041511491726e-01,-2.497231256218395146e+01
2.241379310344827402e+01,1.773452693652464718e-01,-8.023481281588740188e-01,-3.278789654017378297e+01
2.245210727969348596e+01,1.212537136886717437e-01,-2.025279515099437155e+00,-3.129115156776782314e+01
2.249042145593869435e+01,3.127319180769380647e-02,-2.543265741616452580e+00,-2.152492770169413561e+01
2.252873563218390629e+01,-6.423556167602861855e-02,-2.340567774139552970e+00,-1.085013935475292790e+01
2.256704980842911823e+01,-1.430396410424964737e-01,-1.745042692097902304e+00,-7.242979415965862700e+00
2.260536398467432662e+01,-1.984395888900614413e-01,-1.189369057323430123e+00,-1.209219302582282118e+01
2.264367816091953856e+01,-2.375546549208668867e-01,-8.946663270006479651e-01,-1.939702419979549930e+01
2.268199233716475050e+01,-2.694640526796591162e-01,-7.784686344180454798e-01,-2.224505051657744659e+01
2.272030651340995888e+01,-2.965741893403244234e-01,-6.111793771627208605e-01,-1.930263128326826916e+01
2.275862068965517082e+01,-3.142937449986352716e-01,-2.943085040300324473e-01,-1.448139303927607635e+01
2.279693486590038276e+01,-3.180130157494965859e-01,1.013010685048399140e-01,-1.123552172934861382e+01
2.283524904214559115e+01,-3.069663063548442317e-01,4.679045971397258752e-01,-8.917540456937096849e+00
2.287356321839080309e+01,-2.827800803066529145e-01,7.902561490345593187e-01,-5.216240766319534927e+00
2.291187739463601503e+01,-2.463993580293878105e-01,1.105342068151113244e+00,-5.948136291683044918e-01
2.295019157088122341e+01,-1.989672760154898579e-01,1.352178143288537804e+00,1.774216917696058271e+00
2.298850574712643535e+01,-1.448179101577435068e-01,1.440420891984261598e+00,8.203939968307518704e-01
2.302681992337164729e+01,-9.115611592330023771e-02,1.338378530347983153e+00,5.918920653734325299e-01
2.306513409961685568e+01,-4.208549948069870150e-02,1.243169904042427998e+00,6.607386487771924166e+00
2.310344827586206762e+01,6.977274168083462402e-03,1.376013957165823864e+00,1.909100634852865142e+01
2.314176245210727956e+01,6.682131723116808975e-02,1.781633040085982778e+00,3.126224580510754336e+01
2.318007662835248794e+01,1.436418547366030696e-01,2.195196482205970412e+00,3.545161870351273592e+01
2.321839080459769988e+01,2.310522548314222213e-01,2.282653257528507229e+00,3.054837246300256837e+01
2.325670498084291182e+01,3.127011109834871849e-01,1.913079391207930247e+00,2.244211940169549990e+01
2.329501915708812021e+01,3.736227896872409970e-01,1.243840646335647948e+00,1.720515269489838772e+01
2.333333333333333215e+01,4.075106997793926378e-01,5.340060397024322114e-01,1.516887612995763845e+01
2.337164750957854409e+01,4.155730882627451939e-01,-1.008767664970000588e-01,1.262226631649223307e+01
2.340996168582375248e+01,4.005012753759073507e-01,-6.785773713464233747e-01,8.339663200550635480e+00
2.344827586206896441e+01,3.648065589773763495e-01,-1.155362842307920301e+00,6.164007833770650535e+00
2.348659003831417280e+01,3.151170014981516387e-01,-1.384562822000262150e+00,9.832992874968329744e+00
2.352490421455938474e+01,2.635635008695531578e-01,-1.243216532635268212e+00,1.622413235979592727e+01
2.356321839080459668e+01,2.223613656244330383e-01,-9.115035122681547364e-01,1.601927598389062268e+01
2.360153256704980507e+01,1.909490867056582442e-01,-8.105020528823839721e-01,2.653638098807447498e+00
2.363984674329501701e+01,1.526946492648850184e-01,-1.282891925242710229e+00,-1.944995751509291537e+01
2.367816091954022895e+01,8.667358058934679366e-02,-2.198100982104041812e+00,-3.653339487731830104e+01
2.371647509578543733e+01,-1.369683891800309306e-02,-2.957221665984385517e+00,-3.631538929369410340e+01
2.375478927203064927e+01,-1.297207194314341783e-01,-2.923942268821089208e+00,-1.806004021344628185e+01
2.379310344827586121e+01,-2.247197604594603493e-01,-1.889811332703732027e+00,6.982337173540421382e+00
2.383141762452106960e+01,-2.663386936687905382e-01,-2.386510406478474788e-01,2.435832654345039572e+01
2.386973180076628154e+01,-2.444920004097936028e-01,1.305520135681691674e+00,2.640757598392736583e+01
2.390804597701149348e+01,-1.752479109997126527e-01,2.161390756867307417e+00,1.605482336412821098e+01
2.394636015325670186e+01,-8.957325965542276003e-02,2.190716210673401942e+00,3.143748722627126124e+00
2.398467432950191380e+01,-1.427503219791936492e-02,1.695091964745615076e+00,-2.873851072945669216e+00
2.402298850574712574e+01,3.991499037033312269e-02,1.159197411281286616e+00,9.225953460771068038e-01
2.406130268199233413e+01,7.811605504804251809e-02,8.897362223620117749e-01,9.353963897638376324e+00
2.409961685823754607e+01,1.108905333782567726e-01,8.338116281075454994e-01,1.331547356227421730e+01
2.413793103448275801e+01,1.408841068353931525e-01,6.852685980305006641e-01,7.454100178792197440e+00
2.417624521072796639e+01,1.588627921246082431e-01,1.957657726767585427e-01,-4.527076011209787865e+00
2.421455938697317833e+01,1.525894083491268760e-01,-5.350477172064823650e-01,-1.254205364082666918e+01
2.425287356321839027e+01,1.200149281795607759e-01,-1.104926212879740355e+00,-9.728303755506530592e+00
2.429118773946359866e+01,7.425707000478938558e-02,-1.191390706722987858e+00,1.516467438611890373e-02
2.432950191570881060e+01,3.394254703561518094e-02,-8.785495146231032670e-01,5.363895025858738563e+00
2.436781609195402254e+01,6.752879554344767832e-03,-5.810417454711502838e-01,-2.000950625531494609e-01
2.440613026819923093e+01,-1.489704768696495027e-02,-6.034502371675967147e-01,-1.015230403207689491e+01
2.444444444444444287e+01,-4.147200738330242969e-02,-7.699460630393862859e-01,-1.115555369536087937e+01
2.448275862068965480e+01,-6.965752820620815799e-02,-6.146164191640063335e-01,1.386004537803177783e+00
2.452107279693486319e+01,-8.182137221353999457e-02,4.497044056283527880e-02,1.575625534574824549e+01
2.455938697318007513e+01,-6.528352816096971711e-02,7.679420205331933813e-01,1.486162805566779710e+01
2.459770114942528707e+01,-3.113969053277558172e-02,8.669428958488483161e-01,-4.412925870132090367e+00
2.463601532567049546e+01,-9.733302645087810526e-03,1.441517328859554525e-01,-2.512068278601035587e+01
2.467432950191570740e+01,-2.285500577499793157e-02,-7.841245588516632115e-01,-2.652590670635504111e+01
2.471264367816091934e+01,-6.109093171123200494e-02,-1.050983947605761415e+00,-6.840423159870620218e+00
2.475095785440612772e+01,-9.168361688221469963e-02,-4.367420404576631277e-01,1.279747969898137328e+01
2.478927203065133966e+01,-9.238349891389463497e-02,3.387639485113637106e-01,9.458342912829078131e+00
2.482758620689655160e+01,-7.598261926889264550e-02,3.371654019389807022e-01,-1.676833916543866820e+01
2.486590038314175999e+01,-7.904091331259423259e-02,-6.051129544986728614e-01,-4.127449785171319263e+01
2.490421455938697193e+01,-1.235579682970088800e-01,-1.633015743370306971e+00,-3.937011280604783536e+01
2.494252873563218031e+01,-1.914408278229654259e-01,-1.690156510572571991e+00,-1.112115177967397095e+01
2.498084291187739225e+01,-2.371744064964726451e-01,-5.401047302076369405e-01,1.951138593838964042e+01
2.501915708812260419e+01,-2.272209211336952417e-01,1.036183655386938796e+00,2.936647020575223621e+01
2.505747126436781258e+01,-1.655867596205481129e-01,2.021296346324813253e+00,1.744997198701195629e+01
2.509578544061302452e+01,-8.483565110141413901e-02,2.053716480799358202e+00,1.214382666671108169e+00
2.513409961685823646e+01,-1.564646079089255376e-02,1.517726100909517317e+00,-5.018158572229278747e+00
2.517241379310344485e+01,3.122675608589775553e-02,9.472794978532634858e-01,-3.402742483303104137e+00
2.521072796934865679e+01,5.846182973161730134e-02,4.831009579115921326e-01,-3.880626192725180168e+00
2.524904214559386872e+01,6.805270626091954045e-02,1.571096779096203822e-02,-7.174088880881742902e+00
2.528735632183907711e+01,6.098398286885857444e-02,-3.337548096837180123e-01,-2.575205318931766740e+00
2.532567049808428905e+01,4.915720296657298538e-02,-1.644180410580639295e-01,1.608634943049492705e+01
2.536398467432950099e+01,5.737950007413515630e-02,6.814716203708741649e-01,3.719970927642710734e+01
2.540229885057470938e+01,1.034517748567780338e-01,1.670788225783861769e+00,4.015447365962640447e+01
2.544061302681992132e+01,1.756083092863342521e-01,1.908972068808359124e+00,1.870120095164458007e+01
2.547892720306513326e+01,2.351525223071952997e-01,1.044507665620694192e+00,-8.468456365246399997e+00
2.551724137931034164e+01,2.494303413845619655e-01,-2.769164485306400691e-01,-1.502540087447412631e+01
2.555555555555555358e+01,2.224592496098022343e-01,-9.574216330517963947e-01,4.691505421393329378e+00
2.559386973180076552e+01,1.901078801776450444e-01,-5.817354392146460995e-01,2.794870988435658887e+01
2.563218390804597391e+01,1.823872443883763628e-01,1.387126198497125040e-01,2.690848153863180059e+01
2.567049808429118585e+01,1.908887217423238247e-01,1.204510989945797583e-01,-1.050174093970492439e+00
2.570881226053639779e+01,1.780845493291630388e-01,-9.118066992750127886e-01,-2.889716029386611140e+01
2.574712643678160617e+01,1.195761620158701105e-01,-2.043497589532693226e+00,-2.698876759640434742e+01
2.578544061302681811e+01,3.641400136237649132e-02,-2.045457845495394889e+00,6.580157544313196105e+00
2.582375478927203005e+01,-1.816462070192027822e-02,-6.111412012628165691e-01,4.370546300613891333e+01
2.586206896551723844e+01,-4.134976091129173928e-03,1.300189626151281086e+00,5.340847904975777283e+01
2.590038314176245038e+01,6.955536470116160941e-02,2.308288471075210513e+00,2.974991276295481057e+01
2.593869731800766232e+01,1.525863748687513455e-01,1.783368899986922385e+00,-6.389615994793728326e+00
2.597701149425287070e+01,1.927305985479231820e-01,2.255225015576328707e-01,-2.967769833737943586e+01
2.601532567049808264e+01,1.701427623934333999e-01,-1.327805966161024198e+00,-3.168614671643447167e+01
2.605363984674329458e+01,1.002278213669859919e-01,-2.177665561188461663e+00,-2.181975631531028625e+01
2.609195402298850297e+01,1.295799425653509918e-02,-2.278367518235582700e+00,-1.260578438488946951e+01
2.613026819923371491e+01,-6.860979030117363153e-02,-1.933530665819125360e+00,-8.227471283043152894e+00
2.616858237547892685e+01,-1.330699062486460638e-01,-1.416928574105292160e+00,-6.250364838769222331e+00
2.620689655172413524e+01,-1.766443156238788337e-01,-8.613977471654248319e-01,-5.209920890559196494e+00
2.624521072796934718e+01,-2.000817600922971673e-01,-3.822142718816424756e-01,-6.457488598413472225e+00
2.628352490421455911e+01,-2.081824609683805283e-01,-7.390259228775905576e-02,-9.623287678821586866e+00
2.632183908045976750e+01,-2.079201460225789666e-01,7.605180411527867612e-02,-1.055753854945668380e+01
2.636015325670497944e+01,-2.017684161675138144e-01,2.512747820238077079e-01,-6.185818234136718274e+00
2.639846743295019138e+01,-1.870570430941417006e-01,5.467412427829960730e-01,3.742683510393725044e-01
2.643678160919539977e+01,-1.594815339273168986e-01,8.757643383350175448e-01,2.755648774374328980e+00
2.647509578544061171e+01,-1.224949214685361332e-01,1.016468066994572705e+00,-8.659155657793893290e-02
2.651340996168582009e+01,-8.452645665670269204e-02,9.451418357463422515e-01,-9.696754905686870707e-01
2.655172413793103203e+01,-4.912318589907358618e-02,9.362363882023105877e-01,7.286693031944057708e+00
2.659003831417624397e+01,-8.620195297229875028e-03,1.242174590277680846e+00,2.140901673382511916e+01
2.662835249042145236e+01,4.848239445869152731e-02,1.733719037353059544e+00,2.855205981848767749e+01
2.666666666666666430e+01,1.201269864337194543e-01,1.907507491248695342e+00,1.961319763577811415e+01
2.670498084291187624e+01,1.853926192912393467e-01,1.366535453918832799e+00,5.561903535613246241e-01
2.674329501915708462e+01,2.178775208195598556e-01,2.924253312605320509e-01,-1.205874075153074543e+01
2.678160919540229656e+01,2.092720999962076056e-01,-6.549793001009439619e-01,-7.702261124249191404e+00
2.681992337164750850e+01,1.766377092797130066e-01,-9.283417661848649693e-01,7.383861324583579133e+00
2.685823754789271689e+01,1.461637364976590692e-01,-5.994739435345053380e-01,1.745217067178766257e+01
2.689655172413792883e+01,1.314299275895404462e-01,-2.019917427918449526e-01,1.451751725110937663e+01
2.693486590038314077e+01,1.264508621344920258e-01,-1.144204356277549461e-01,6.315801476178950047e+00
2.697318007662834916e+01,1.203573484836370916e-01,-1.965986865015577345e-01,6.286360334329893718e+00
2.701149425287356109e+01,1.146602013965976191e-01,-3.512492507673942166e-02,1.734425581711758468e+01
2.704980842911877303e+01,1.225003142171399856e-01,4.845685984473064867e-01,2.804355100816899693e+01
2.708812260536398142e+01,1.513692607277104529e-01,9.666391105189572341e-01,2.539303482179504456e+01
2.712643678160919336e+01,1.893473030477077490e-01,9.021869428062222473e-01,9.733081234829665362e+00
2.716475095785440530e+01,2.124735371269020345e-01,2.330254498187411816e-01,-4.944489724627185723e+00
2.720306513409961369e+01,2.059849632219118709e-01,-5.326381840145373303e-01,-5.356762706298294319e+00
2.724137931034482563e+01,1.781031162860310657e-01,-8.065210784535856714e-01,7.852037116803990635e+00
2.727969348659003757e+01,1.524238714694864383e-01,-4.527041185623686403e-01,2.177048364493271393e+01
2.731800766283524595e+01,1.464935812581446284e-01,1.343698712737950163e-01,2.482419810500613622e+01
2.735632183908045789e+01,1.591157290867415142e-01,4.533404684966063081e-01,1.725890228201769361e+01
2.739463601532566983e+01,1.756615334429381947e-01,3.506658728037615469e-01,8.390484053175145007e+00
2.743295019157087822e+01,1.834071431698255372e-01,4.812291323341755245e-02,5.440930977235272081e+00
2.747126436781609016e+01,1.803115935416855775e-01,-1.874122738994494497e-01,6.698849371720228874e+00
2.750957854406130210e+01,1.703242441114856676e-01,-3.309727202102174526e-01,5.286440006324783170e+00
2.754789272030651048e+01,1.538476556311738908e-01,-5.584215339742326645e-01,-2.119349529111627994e+00
2.758620689655172242e+01,1.250425779038212559e-01,-9.708219860152794700e-01,-1.139286735091201663e+01
2.762452107279693436e+01,7.893602195282929668e-02,-1.415546836130099573e+00,-1.514358576280931246e+01
2.766283524904214275e+01,2.016578541887041609e-02,-1.583476746313189132e+00,-9.733780412509444702e+00
2.770114942528735469e+01,-3.615063488301743094e-02,-1.270993902903494899e+00,1.745979204211765445e+00
2.773946360153256663e+01,-7.190847636995341408e-02,-5.498309564819476858e-01,1.236450928399959004e+01
2.777777777777777501e+01,-7.685942423737791851e-02,2.784433231051033353e-01,1.676615392811275385e+01
2.781609195402298695e+01,-5.342239017750588514e-02,8.912277195427780185e-01,1.490462057300036491e+01
2.785440613026819889e+01,-1.300578467470245997e-02,1.166803671415892918e+00,1.200565647965094307e+01
2.789272030651340728e+01,3.351842967900550696e-02,1.255327213272774411e+00,1.485299697243479145e+01
2.793103448275861922e+01,8.462783751723104708e-02,1.452671064957850700e+00,2.621053410741869882e+01
2.796934865900382761e+01,1.485030204795701470e-01,1.926000746492629645e+00,4.097856708489482713e+01
2.800766283524903955e+01,2.334472960003786679e-01,2.485387099026420188e+00,4.797654351962923158e+01
2.804597701149425149e+01,3.337006839201760999e-01,2.628558399277707291e+00,3.772265552741600203e+01
2.808429118773945987e+01,4.230881296485183851e-01,1.861044104813848410e+00,1.078526886447508737e+01
2.812260536398467181e+01,4.636695863047485267e-01,1.274557307344489354e-01,-2.087883697606904931e+01
2.816091954022988375e+01,4.269836003706559691e-01,-2.048353341181318843e+00,-4.184861185810152051e+01
2.819923371647509214e+01,3.117338576474122380e-01,-3.837090580790732286e+00,-4.400275352249313698e+01
2.823754789272030408e+01,1.461902616721054982e-01,-4.600162642686472125e+00,-3.071975167141136254e+01
2.827586206896551602e+01,-2.566802454905092734e-02,-4.197253309840069946e+00,-1.159314080829924443e+01
2.831417624521072440e+01,-1.641407835254688474e-01,-2.920033573995745257e+00,5.956676606629968340e+00
2.835249042145593634e+01,-2.440030473572405711e-01,-1.214932417273703713e+00,1.976568143105095388e+01
2.839080459770114828e+01,-2.566318972117559993e-01,5.319155042874690320e-01,2.944127213930611120e+01
2.842911877394635667e+01,-2.070130545791471488e-01,1.983339572234353199e+00,3.269755313197343582e+01
2.846743295019156861e+01,-1.123279268149610377e-01,2.835737682793315173e+00,2.707266368680851087e+01
2.850574712643678055e+01,8.823928573323258640e-05,2.899851134060831725e+00,1.474469790716223372e+01
2.854406130268198893e+01,1.009750661172881397e-01,2.280402176940472536e+00,3.348839772419964333e+00
2.858237547892720087e+01,1.712538943562594840e-01,1.381934948407129493e+00,1.604749861123204724e-01
2.862068965517241281e+01,2.090691103517229865e-01,6.508917321783708188e-01,5.389236975379393613e+00
2.865900383141762120e+01,2.257684655538080010e-01,2.744860148439299818e-01,1.217093374154979557e+01
2.869731800766283314e+01,2.330283364821910952e-01,1.162839640509927275e-01,1.352642452898654923e+01
2.873563218390804508e+01,2.341120818127558623e-01,-8.054353351009765905e-02,8.697527605883681900e+00
2.877394636015325347e+01,2.249335238408005644e-01,-4.190743817992157449e-01,2.274632826800011998e+00
2.881226053639846540e+01,2.013521731614678068e-01,-8.076785037048404003e-01,-1.919053722486381508e+00
2.885057471264367734e+01,1.640109661433400423e-01,-1.125073108510922459e+00,-4.517440728339413347e+00
2.888888888888888573e+01,1.163264302705981218e-01,-1.355260968716031744e+00,-8.021730352033772604e+00
2.892720306513409767e+01,6.063439494307822086e-02,-1.539147494307140374e+00,-1.225895631414526932e+01
2.896551724137930961e+01,-7.842563733736207521e-04,-1.651369224359476418e+00,-1.438567489010601719e+01
2.900383141762451800e+01,-6.378198331383919117e-02,-1.601554250809649638e+00,-1.351807293941323884e+01
2.904214559386972994e+01,-1.214098365263949486e-01,-1.395840210024037242e+00,-1.348095030421862717e+01
2.908045977011494188e+01,-1.707729277191947781e-01,-1.208015376724581369e+00,-1.911431440661262116e+01
2.911877394636015026e+01,-2.170612422628695470e-01,-1.250078349530105104e+00,-2.990549219112080337e+01
2.915708812260536220e+01,-2.696709206792766156e-01,-1.517250731508686723e+00,-3.888431402457959507e+01
2.919540229885057414e+01,-3.326901023547343406e-01,-1.732918423144307551e+00,-3.900759413655383412e+01
2.923371647509578253e+01,-3.976030726101822399e-01,-1.578810230337443610e+00,-3.024827398172251236e+01
2.927203065134099447e+01,-4.478693002196655337e-01,-9.801170450784457699e-01,-1.935732116222528987e+01
2.931034482758620641e+01,-4.699818540561027103e-01,-1.643101746388282436e-01,-1.264200862145536064e+01
2.934865900383141479e+01,-4.611858903576085966e-01,5.912391517506415672e-01,-1.017193653667724362e+01
2.938697318007662673e+01,-4.269694276295082913e-01,1.165505365534610149e+00,-7.831641051280857191e+00
2.942528735632183867e+01,-3.738329073033481165e-01,1.588854042575410963e+00,-3.983591667197557307e+00
2.946360153256704706e+01,-3.068843551115668644e-01,1.869986610280993666e+00,-1.951204375663651014e+00
2.950191570881225900e+01,-2.339251766007433841e-01,1.891204850905599644e+00,-4.914179631684339356e+00
2.954022988505746738e+01,-1.661516955900106951e-01,1.596138375560226974e+00,-9.632115996755466369e+00
2.957854406130267932e+01,-1.130993085657181624e-01,1.182644762824978990e+00,-7.620916270272406479e+00
2.961685823754789126e+01,-7.212093012027798178e-02,1.035788702220318047e+00,6.050618756194804604e+00
2.965517241379309965e+01,-2.682526036613239878e-02,1.415980842206950641e+00,2.556622648318013802e+01
2.969348659003831159e+01,4.064826132967951783e-02,2.114818653887294175e+00,3.726433840812356380e+01
2.973180076628352353e+01,1.315512496983941293e-01,2.526844578190699853e+00,3.082236069572613957e+01
2.977011494252873192e+01,2.233937947913597344e-01,2.096354851210198156e+00,8.316492165771077083e+00
2.980842911877394386e+01,2.805366524281976415e-01,7.694557206159888807e-01,-1.710412590204509797e+01
2.984674329501915579e+01,2.771084394066416490e-01,-9.452603455111048270e-01,-3.122806962419174681e+01
2.988505747126436418e+01,2.128281738852453309e-01,-2.294911834811815599e+00,-2.854512199113003845e+01
2.992337164750957612e+01,1.125681957152447760e-01,-2.777225233625670864e+00,-1.453385988306584942e+01
2.996168582375478806e+01,1.115844258977542747e-02,-2.397166860559206913e+00,-3.466955646827631909e-01
3.000000000000000000e+01,-6.542337576028323110e-02,-1.577824890518076950e+00,5.112827050220653646e+00
